path,kind,lines,sha256,first_pass,second_pass,notes
.github/workflows/build.yml,documentation/config,74,210ffc2fc7089eee2feaf86a7f58b81ac2c8635559fcfc579c4a8dd779472b67,全文追跡,全文再監査,第二巡で全文を再読しA59/A60の実D3D12/On12回帰とRelease/Debug/ASan/UBSanを検証。WARP-only経路も通過。Minecraftのqueue選択とproviderのNative契約は別の実機項目。
.github/workflows/release.yml,documentation/config,130,d5b3226fc0e4c8d5261875baf01b54c039fad468caa4904211e04bb9673081e0,全文追跡,全文再監査,第二巡で全文を再読しA59/A60の実D3D12/On12回帰とRelease/Debug/ASan/UBSanを検証。WARP-only経路も通過。Minecraftのqueue選択とproviderのNative契約は別の実機項目。
.gitignore,documentation/config,27,1780409d83d691273e86150a40dc21d9140af272ee792c14228e921d7c50ee2a,全文追跡,全文再監査,第二巡全文追跡。Logic全2308行、generator/configと現在のversion/provenanceを照合。JDK/Chunker再生成とcurrent Native permutationは未検証。
CHANGELOG.md,documentation/config,254,ecfebfd1ae0256af716e7be63e857694616c6aff6e94c5f648bcbc9c908df1a0,全文追跡,全文再監査,文書全文を再読。現行UI/型/起動終了/実機履歴と照合しA56文書追補。既存license本文と旧版画像を確認。
DEVELOPMENT.md,documentation/config,1264,a78699a2c145bc139785b512d200725390ae3be5dd0dd1356a2437d36c2152f7,全文追跡,全文再監査,文書全文を再読。現行UI/型/起動終了/実機履歴と照合しA56文書追補。既存license本文と旧版画像を確認。
LICENSE,documentation/config,648,11d5122b5477da7866048235b2a2b6330bc2783888ad9bba6aa043b5fe521046,全文追跡,全文再監査,文書全文を再読。現行UI/型/起動終了/実機履歴と照合しA56文書追補。既存license本文と旧版画像を確認。
README.md,documentation/config,89,f2927e7d77096517d0e9568eeb3081ff55ba8a624168f42c187c395c1b2dfc1e,全文追跡,全文再監査,第二巡全文再読。現在UIと手順/名称を照合。日本語の表示レイヤー所在を描画pageに訂正し、manual auditの旧baseline結果を明示（A56隣接文書）。
THIRD_PARTY_NOTICES.md,documentation/config,35,698b2fa0a4636569fafc02bf166b531ce832d9c10ce3c25a1a309a517bc7c7dd,全文追跡,全文再監査,第二巡全文再読。現在UIと手順/名称を照合。日本語の表示レイヤー所在を描画pageに訂正し、manual auditの旧baseline結果を明示（A56隣接文書）。
docs/MANUAL_PLACEMENT_AUDIT.md,documentation/config,96,51bfe81c79a18a683b66c4fcef1c97ec39d3d539d2bb63016b7fbcff26b520d9,全文追跡,全文再監査,第二巡全文再読。現在UIと手順/名称を照合。日本語の表示レイヤー所在を描画pageに訂正し、manual auditの旧baseline結果を明示（A56隣接文書）。
docs/PRAxis_VISUAL_PARITY_AUDIT.md,documentation/config,695,b88b1e022d4e750ce40b220e34e40ad12a9deef2eb2bdda9812f31f5b472283d,全文追跡,全文再監査,文書全文を再読。現行UI/型/起動終了/実機履歴と照合しA56文書追補。既存license本文と旧版画像を確認。
docs/README_EN.md,documentation/config,83,762e3f2d2076a727a00cbdf23171daba22c110f3e630e50f26d6f7b9b35fe699,全文追跡,全文再監査,第二巡全文再読。現在UIと手順/名称を照合。日本語の表示レイヤー所在を描画pageに訂正し、manual auditの旧baseline結果を明示（A56隣接文書）。
docs/README_JA.md,documentation/config,66,ec83ccbd9fd9886c0dc1108401e494b6bff063ecef163a5272f1ae958782af85,全文追跡,全文再監査,第二巡全文再読。現在UIと手順/名称を照合。日本語の表示レイヤー所在を描画pageに訂正し、manual auditの旧baseline結果を明示（A56隣接文書）。
docs/images/image-20260918200440220.png,image,0,88debb422ff5655354b4383fe4cb8afa54c38dd1fd22c6707711d64ef1bbc93c,画像確認,画像再確認,文書全文を再読。現行UI/型/起動終了/実機履歴と照合しA56文書追補。既存license本文と旧版画像を確認。
docs/images/image-20260918201002570.png,image,0,e23791473408769351771844a4a90094cb9743b5ab40027c1b560d07476d3215,画像確認,画像再確認,文書全文を再読。現行UI/型/起動終了/実機履歴と照合しA56文書追補。既存license本文と旧版画像を確認。
docs/images/image-20260918201318315.png,image,0,4704c9b27bab2259180e9ad522e0e3e124515dc0ceb6c05fe1430321ed8511fa,画像確認,画像再確認,文書全文を再読。現行UI/型/起動終了/実機履歴と照合しA56文書追補。既存license本文と旧版画像を確認。
docs/images/image-20260918202008186.png,image,0,177cd8e71e5faed8114f2a3d49b242ecd12a148091b4747d2487aec0bc9180e1,画像確認,画像再確認,文書全文を再読。現行UI/型/起動終了/実機履歴と照合しA56文書追補。既存license本文と旧版画像を確認。
docs/images/image-20260918202312106.png,image,0,4489913f3087dbd4cfbdffe03d3cde751b5873c83b7065e8727fcfc769c84abf,画像確認,画像再確認,文書全文を再読。現行UI/型/起動終了/実機履歴と照合しA56文書追補。既存license本文と旧版画像を確認。
manifest.json,documentation/config,9,52e9e2ae2e7098b65eae4f9552d6ab420cd3f28c9cc887b7e7c0b19b540e28cc,全文追跡,全文再監査,第二巡全文追跡。Logic全2308行、generator/configと現在のversion/provenanceを照合。JDK/Chunker再生成とcurrent Native permutationは未検証。
src/app/AppKernel.cpp,source,151,04f17db15c84870becc5ec61dd753e40e0c9a3c5e0ab68342ff384d941e4156c,全文追跡,全文再監査,A67のRunning先行drain/packed admission/worker全taskとcapture解放を再読しRelease・Debug・実MinHook回帰・ASan/UBSanを検証。Native MC/pl_unhook契約は外部。
src/app/AppKernel.h,source,26,04120996a5ae6095df9fa68e221ba5256c40a80820b510100c8af809dc09765b,全文追跡,全文再監査,第二巡: 起動失敗/再試行/借用退役/例外/worker joinと所有者寿命を再追跡。A57/A58修正後Release・Debug・NBT sanitizer通過。Native chain/drainと故障注入は実機項目。
src/app/FutureResult.h,source,23,e481553ad2bec53392e58b08859affa810e88f8d56e6b37b01e873f402a8ab1c,全文追跡,全文再監査,第二巡: 起動失敗/再試行/借用退役/例外/worker joinと所有者寿命を再追跡。A57/A58修正後Release・Debug・NBT sanitizer通過。Native chain/drainと故障注入は実機項目。
src/app/HookLifecycle.cpp,source,142,54ab269e10cf780e32ff78c736663fad5344b497e1e4c4086e606321257a1891,全文追跡,全文再監査,A67のRunning先行drain/packed admission/worker全taskとcapture解放を再読しRelease・Debug・実MinHook回帰・ASan/UBSanを検証。Native MC/pl_unhook契約は外部。
src/app/HookLifecycle.h,source,41,ee284fe1bcc1d8635d96f1cee9631ca270ef621c2751c7721ba33335a07ab151,全文追跡,全文再監査,A67のRunning先行drain/packed admission/worker全taskとcapture解放を再読しRelease・Debug・実MinHook回帰・ASan/UBSanを検証。Native MC/pl_unhook契約は外部。
src/app/InitializationTransaction.h,source,19,2619a9d53be00c991b57db34ae53cb2e04dce5abe508f55005b31b8af0e24ce2,全文追跡,全文再監査,第二巡: 起動失敗/再試行/借用退役/例外/worker joinと所有者寿命を再追跡。A57/A58修正後Release・Debug・NBT sanitizer通過。Native chain/drainと故障注入は実機項目。
src/app/NativeCallbackBoundary.cpp,source,16,066923a0183a421584695ba9aeabac8d7e32118ae5b5936c68ed20eec3e64616,全文追跡,全文再監査,第二巡: 起動失敗/再試行/借用退役/例外/worker joinと所有者寿命を再追跡。A57/A58修正後Release・Debug・NBT sanitizer通過。Native chain/drainと故障注入は実機項目。
src/app/NativeCallbackBoundary.h,source,25,16e9e9f897adc0966e7f466d2740bb0ec6154f50f26afe82c7d137c011b2b5ae,全文追跡,全文再監査,第二巡: 起動失敗/再試行/借用退役/例外/worker joinと所有者寿命を再追跡。A57/A58修正後Release・Debug・NBT sanitizer通過。Native chain/drainと故障注入は実機項目。
src/app/RetainedObject.h,source,14,8ce86f1e572b824ecbe5ddb7f5a01f2cef93c3f8e70e070f25c7477aae55285d,全文追跡,全文再監査,第二巡: 起動失敗/再試行/借用退役/例外/worker joinと所有者寿命を再追跡。A57/A58修正後Release・Debug・NBT sanitizer通過。Native chain/drainと故障注入は実機項目。
src/app/ScopeExit.h,source,18,6ece41775f196f2364127ee6f38e73fd76a69fa2c9ab89e701e9b81f689623f4,全文追跡,全文再監査,第二巡: 起動失敗/再試行/借用退役/例外/worker joinと所有者寿命を再追跡。A57/A58修正後Release・Debug・NBT sanitizer通過。Native chain/drainと故障注入は実機項目。
src/block/BlockPlacementRules.cpp,source,82,635bc4b97de90144dd636d3e3c36d21ae4e96a5135a76a565632b40d18ebe5dd,全文追跡,全文再監査,第二巡で全文を再読。Native液体cell/section checkpointとownership、bounds生成共有（A69/A70）、render/material/camera lifetime、epoch/queue/activation、入力・block/item rulesを追跡。Release/Debug DLLとA69全5 suites通過。Native tessellator故障注入・実機visual/thread/ABI契約は別項目。
src/block/BlockPlacementRules.h,source,94,fb25de03aff77c427e93bb2e72a5bfb7653b3967033fe562595b9d439067dec8,全文追跡,全文再監査,第二巡で全文を再読。Native液体cell/section checkpointとownership、bounds生成共有（A69/A70）、render/material/camera lifetime、epoch/queue/activation、入力・block/item rulesを追跡。Release/Debug DLLとA69全5 suites通過。Native tessellator故障注入・実機visual/thread/ABI契約は別項目。
src/block/MaterialKeyCache.h,source,14,463e3afb911f002ef9ca525c38916f8cef95a0edfdc5ffea94910513373df614,全文追跡,全文再監査,第二巡で全文を再読。Native液体cell/section checkpointとownership、bounds生成共有（A69/A70）、render/material/camera lifetime、epoch/queue/activation、入力・block/item rulesを追跡。Release/Debug DLLとA69全5 suites通過。Native tessellator故障注入・実機visual/thread/ABI契約は別項目。
src/i18n/LanguageStore.cpp,source,222,98a6f73018fb720b1197a4f66aea064543ab813485c6821c23dbe9550c893f96,全文追跡,全文再監査,第二巡全文追跡。A72のHUD取消/publicationとformat Native借用を再検査。Native finalizationの寿命/thread契約は未検証として追跡。
src/i18n/LanguageStore.h,source,73,ee7dfbb83d81d2d7be505e2b5ea782de75cb897a07e006e24ceb0cbf7e90bd63,全文追跡,全文再監査,第二巡全文追跡。A72のHUD取消/publicationとformat Native借用を再検査。Native finalizationの寿命/thread契約は未検証として追跡。
src/i18n/Message.cpp,source,25,3deb0d4bb3e1c4e0ac7d891f3407ad4baaa4f5cfdefc1eca058afd385f15f44a,全文追跡,全文再監査,第二巡全文追跡。A72のHUD取消/publicationとformat Native借用を再検査。Native finalizationの寿命/thread契約は未検証として追跡。
src/i18n/Message.h,source,33,0b8f2fb57aa6a98b78a53a93946447b933b72cadb1a5f534f6e03e2e0fe8a554,全文追跡,全文再監査,第二巡全文追跡。A72のHUD取消/publicationとformat Native借用を再検査。Native finalizationの寿命/thread契約は未検証として追跡。
src/i18n/TextKeys.h,source,289,70cf650f68d94d03dc44fb8a45310d92b1acdc8a220f418078a5a03da50f45a2,全文追跡,全文再監査,第二巡全文追跡。A72のHUD取消/publicationとformat Native借用を再検査。Native finalizationの寿命/thread契約は未検証として追跡。
src/i18n/Translator.cpp,source,48,61f56d1a58df0993450fae4f16ff1f7cf156d9cdcaeabbcd74817b1c00721395,全文追跡,全文再監査,第二巡全文追跡。A72のHUD取消/publicationとformat Native借用を再検査。Native finalizationの寿命/thread契約は未検証として追跡。
src/i18n/Translator.h,source,36,9ce20be8d84948183a1b14235afc8864209d54be9a1e901e7452e281dfb2e374,全文追跡,全文再監査,第二巡全文追跡。A72のHUD取消/publicationとformat Native借用を再検査。Native finalizationの寿命/thread契約は未検証として追跡。
src/i18n/lang/en_US.json,generated,210,9e2c8f31df8125060e0c052227fc86e03412201ebdc2a3443950412352d88a3e,データ検査済,データ再検査,全JSON key/duplicate/UTF-8/NUL/metadata/printf引数型と全mapping decoded rows/schema/order/provenanceを再検査。second-locale-validation.logとsecond-mapping-validation.log。Native compatibility未検証。
src/i18n/lang/ja_JP.json,generated,210,c2b39b164dc5be300a091c39b017fc3f094b6c188c27929dc5668f738e21182e,データ検査済,データ再検査,全JSON key/duplicate/UTF-8/NUL/metadata/printf引数型と全mapping decoded rows/schema/order/provenanceを再検査。second-locale-validation.logとsecond-mapping-validation.log。Native compatibility未検証。
src/i18n/lang/ru_RU.json,generated,210,2385d19e8dad9d4d8f966ce72832bf7f2a68699bdc757d3ef8b4428993791e21,データ検査済,データ再検査,全JSON key/duplicate/UTF-8/NUL/metadata/printf引数型と全mapping decoded rows/schema/order/provenanceを再検査。second-locale-validation.logとsecond-mapping-validation.log。Native compatibility未検証。
src/i18n/lang/zh_CN.json,generated,210,6bfe3d0e03b5aedf4b944a8619fd5f191ead4aa189edcbd325c7310745b4ca3a,データ検査済,データ再検査,全JSON key/duplicate/UTF-8/NUL/metadata/printf引数型と全mapping decoded rows/schema/order/provenanceを再検査。second-locale-validation.logとsecond-mapping-validation.log。Native compatibility未検証。
src/i18n/lang/zh_TW.json,generated,210,000fedb5a909678550c264020f58ef00aedb30759a1bf1eee382931f93f314c6,データ検査済,データ再検査,全JSON key/duplicate/UTF-8/NUL/metadata/printf引数型と全mapping decoded rows/schema/order/provenanceを再検査。second-locale-validation.logとsecond-mapping-validation.log。Native compatibility未検証。
src/input/HotkeyTypes.h,source,41,8d1e045baba01b9de433b62fd088c16d2cf36fbdb8246766c8203f4eb6b27779,全文追跡,全文再監査,第二巡で全文を再読。Native液体cell/section checkpointとownership、bounds生成共有（A69/A70）、render/material/camera lifetime、epoch/queue/activation、入力・block/item rulesを追跡。Release/Debug DLLとA69全5 suites通過。Native tessellator故障注入・実機visual/thread/ABI契約は別項目。
src/input/MenuInputGuard.cpp,source,158,9b6b6c8266129cf226404552854ec222625d3ea021beacf4f4a73869f82211bb,全文追跡,全文再監査,第二巡で全文を再読。Native液体cell/section checkpointとownership、bounds生成共有（A69/A70）、render/material/camera lifetime、epoch/queue/activation、入力・block/item rulesを追跡。Release/Debug DLLとA69全5 suites通過。Native tessellator故障注入・実機visual/thread/ABI契約は別項目。
src/input/MenuInputGuard.h,source,26,969a4cfe495dd46cfa071b31004737f25e2ac51407e4a1ba36659753fe4c0fdd,全文追跡,全文再監査,第二巡で全文を再読。Native液体cell/section checkpointとownership、bounds生成共有（A69/A70）、render/material/camera lifetime、epoch/queue/activation、入力・block/item rulesを追跡。Release/Debug DLLとA69全5 suites通過。Native tessellator故障注入・実機visual/thread/ABI契約は別項目。
src/input/ViewMoveBasis.cpp,source,84,9902d2a1f5abbbee25fe7a0d9a0c637bd3334ba992ea6cc3475100ca69ca03a7,全文追跡,全文再監査,第二巡で全文を再読。Native液体cell/section checkpointとownership、bounds生成共有（A69/A70）、render/material/camera lifetime、epoch/queue/activation、入力・block/item rulesを追跡。Release/Debug DLLとA69全5 suites通過。Native tessellator故障注入・実機visual/thread/ABI契約は別項目。
src/input/ViewMoveBasis.h,source,44,980997739c35ffa1a1c2630dad16965a90fe3a90d3915b36f6359f917b34bbf9,全文追跡,全文再監査,第二巡で全文を再読。Native液体cell/section checkpointとownership、bounds生成共有（A69/A70）、render/material/camera lifetime、epoch/queue/activation、入力・block/item rulesを追跡。Release/Debug DLLとA69全5 suites通過。Native tessellator故障注入・実機visual/thread/ABI契約は別項目。
src/io/AtomicOutput.cpp,source,61,18fdedd54b5d1546c71ea5da8ac874f4feb597f02eb8bc8aff91935b2dbd1c3e,全文追跡,全文再監査,第二巡で全文を再読。placement receiver/packet/state matrix/input cancellation（A71）、session/LoadIntent/future owner、UTF8 path/atomic output、capture value bounds/request、NBT grammar/budget/indicesを再追跡。A71旧実状態3failures→Release/Debug Logic10312/0・配置ASan+UBSan2348/0、全5 suites/DLL通過。NativeMCのthread/placement/format-upgrade契約は実機項目。
src/io/AtomicOutput.h,source,29,5b961796b578f39cb7c48781d377bc89e0cc96f02924e2864a4cfa409dd923f6,全文追跡,全文再監査,第二巡で全文を再読。placement receiver/packet/state matrix/input cancellation（A71）、session/LoadIntent/future owner、UTF8 path/atomic output、capture value bounds/request、NBT grammar/budget/indicesを再追跡。A71旧実状態3failures→Release/Debug Logic10312/0・配置ASan+UBSan2348/0、全5 suites/DLL通過。NativeMCのthread/placement/format-upgrade契約は実機項目。
src/overlay/BoundsWireframe.cpp,source,141,d06746cb097257e7e32bc3406d529ca3e06e7d0a8d9e2b65e4ff3d7c07858613,全文追跡,全文再監査,第二巡で全文を再読。Native液体cell/section checkpointとownership、bounds生成共有（A69/A70）、render/material/camera lifetime、epoch/queue/activation、入力・block/item rulesを追跡。Release/Debug DLLとA69全5 suites通過。Native tessellator故障注入・実機visual/thread/ABI契約は別項目。
src/overlay/BoundsWireframe.h,source,33,97c93cad73178a96e3c61c442398f3bcc43e09d1caec08c97f31ca84bfb41e89,全文追跡,全文再監査,第二巡で全文を再読。Native液体cell/section checkpointとownership、bounds生成共有（A69/A70）、render/material/camera lifetime、epoch/queue/activation、入力・block/item rulesを追跡。Release/Debug DLLとA69全5 suites通過。Native tessellator故障注入・実機visual/thread/ABI契約は別項目。
src/overlay/CompanionBridge.cpp,source,270,88d32e0cdc25bb5f07d9e9139a073c107a69341cfb9d7719505c95c988caa5fd,全文追跡,全文再監査,第二巡: provider reader/retirement/export・noexcept境界・ImGui frame復旧/atlas借用を全文再追跡。provider側stateChanged/resetGraphicsのスレッドとlock契約は実機/外部sourceが必要。
src/overlay/CompanionBridge.h,source,33,e33abbac0791ee9565ad71e91a49d0e0a2ed912a66d02caf3b1ce3730b5f8983,全文追跡,全文再監査,第二巡: provider reader/retirement/export・noexcept境界・ImGui frame復旧/atlas借用を全文再追跡。provider側stateChanged/resetGraphicsのスレッドとlock契約は実機/外部sourceが必要。
src/overlay/CompanionCallbackStore.h,source,143,11c8b0f70af3bf06563cd9144d624287d59b480ace4fb43747c9692b9bbd8c02,全文追跡,全文再監査,第二巡: provider reader/retirement/export・noexcept境界・ImGui frame復旧/atlas借用を全文再追跡。provider側stateChanged/resetGraphicsのスレッドとlock契約は実機/外部sourceが必要。
src/overlay/ImGuiFrameRecovery.h,source,42,fe6ad9873c0d91815c5045a0657fe1329bc066807e8db31530f956c89efd2edb,全文追跡,全文再監査,第二巡: provider reader/retirement/export・noexcept境界・ImGui frame復旧/atlas借用を全文再追跡。provider側stateChanged/resetGraphicsのスレッドとlock契約は実機/外部sourceが必要。
src/overlay/ImGuiOverlay.cpp,source,1398,0663cc22e9df664c7e3791a783c2dabb16d519f24ce52c704b6b86793f6faebc,全文追跡,全文再監査,第二巡: 初回全installとoptional Execute単独retry/既存dormant recordのenable/rebase/曾live trampoline保持、actual MinHook page故障とtwo DLL pending-entry変更。Release/Debug/ASan+UBSan1539/0、WARP-only988/0。NativeMC fullfault injectionと他mod同時patch/entry drainは外部限定。
src/overlay/ImGuiOverlay.h,source,24,c20713ef58549a56be6256929d6225352c3e8e1f59c414464f6c16f6e3a5e8cc,全文追跡,全文再監査,第二巡: provider reader/retirement/export・noexcept境界・ImGui frame復旧/atlas借用を全文再追跡。provider側stateChanged/resetGraphicsのスレッドとlock契約は実機/外部sourceが必要。
src/overlay/OverlayFonts.cpp,source,73,12084babbe60ba1c46c8696831cc6f1c2578ea0fb71dd310463b23e661a1a458,全文追跡,全文再監査,第二巡: provider reader/retirement/export・noexcept境界・ImGui frame復旧/atlas借用を全文再追跡。provider側stateChanged/resetGraphicsのスレッドとlock契約は実機/外部sourceが必要。
src/overlay/OverlayFonts.h,source,22,3bb11aa841430f55660cb4b8f6a588af493c873de87dbf611c414aba7fcbaf68,全文追跡,全文再監査,第二巡: provider reader/retirement/export・noexcept境界・ImGui frame復旧/atlas借用を全文再追跡。provider側stateChanged/resetGraphicsのスレッドとlock契約は実機/外部sourceが必要。
src/place/ManualPlacementRules.h,source,134,631b52eca689efea638904301a68c72372518623079f6e37f7c5c77842efa302,全文追跡,全文再監査,第二巡で全文を再読。placement receiver/packet/state matrix/input cancellation（A71）、session/LoadIntent/future owner、UTF8 path/atomic output、capture value bounds/request、NBT grammar/budget/indicesを再追跡。A71旧実状態3failures→Release/Debug Logic10312/0・配置ASan+UBSan2348/0、全5 suites/DLL通過。NativeMCのthread/placement/format-upgrade契約は実機項目。
src/place/PlaceHelper.cpp,source,438,04bc349c7e45550d2d19bb2922f759dd364840bb1274debd380557786a40e638,全文追跡,全文再監査,第二巡A73変更点を再読。入力mutex内のmode snapshot/conditional publication/world reset、Native/cache/logger外のlock順を検査。
src/place/PlaceHelper.h,source,64,9a9cc0bb2a7b8331d10ac1b24a5f0cda8ed34c73779441481a1bff9320d86757,全文追跡,全文再監査,第二巡A73変更点を再読。入力mutex内のmode snapshot/conditional publication/world reset、Native/cache/logger外のlock順を検査。
src/place/PlacementDirectionRules.h,source,128,23930ca17409b98bbcd5261c41de6610fcfabb37fd187296f6144e5ecfbd33f9,全文追跡,全文再監査,第二巡で全文を再読。placement receiver/packet/state matrix/input cancellation（A71）、session/LoadIntent/future owner、UTF8 path/atomic output、capture value bounds/request、NBT grammar/budget/indicesを再追跡。A71旧実状態3failures→Release/Debug Logic10312/0・配置ASan+UBSan2348/0、全5 suites/DLL通過。NativeMCのthread/placement/format-upgrade契約は実機項目。
src/place/PlacementExecutor.cpp,source,1183,18c528b5464ac38a95430a503aa32366a41a24a06a8075aad36ae05dcff62146,全文追跡,全文再監査,第二巡で全文を再読。placement receiver/packet/state matrix/input cancellation（A71）、session/LoadIntent/future owner、UTF8 path/atomic output、capture value bounds/request、NBT grammar/budget/indicesを再追跡。A71旧実状態3failures→Release/Debug Logic10312/0・配置ASan+UBSan2348/0、全5 suites/DLL通過。NativeMCのthread/placement/format-upgrade契約は実機項目。
src/place/PlacementExecutor.h,source,42,290eb3cef8934f4038d559ab64b044919907665a87227ec9099fc5a05d718441,全文追跡,全文再監査,第二巡で全文を再読。placement receiver/packet/state matrix/input cancellation（A71）、session/LoadIntent/future owner、UTF8 path/atomic output、capture value bounds/request、NBT grammar/budget/indicesを再追跡。A71旧実状態3failures→Release/Debug Logic10312/0・配置ASan+UBSan2348/0、全5 suites/DLL通過。NativeMCのthread/placement/format-upgrade契約は実機項目。
src/place/PlacementQuantization.h,source,14,6c11c81556be3b1b7e1cada3ac80cdcfa670806ee1e50835aa5919177138b443,全文追跡,全文再監査,第二巡で全文を再読。placement receiver/packet/state matrix/input cancellation（A71）、session/LoadIntent/future owner、UTF8 path/atomic output、capture value bounds/request、NBT grammar/budget/indicesを再追跡。A71旧実状態3failures→Release/Debug Logic10312/0・配置ASan+UBSan2348/0、全5 suites/DLL通過。NativeMCのthread/placement/format-upgrade契約は実機項目。
src/place/PlacementState.cpp,source,286,357e30cd996a0c7ae12dc03ad3704a4ef9396adec60975cb970182e4dc18ce3c,全文追跡,全文再監査,第二巡A73変更点を再読。入力mutex内のmode snapshot/conditional publication/world reset、Native/cache/logger外のlock順を検査。
src/place/PlacementState.h,source,153,58b7cdc6494f0cd9541c49572dc4dd8699fd81db174f5d3e4ebc3b63050088ce,全文追跡,全文再監査,第二巡A73変更点を再読。入力mutex内のmode snapshot/conditional publication/world reset、Native/cache/logger外のlock順を検査。
src/place/VoxelRayAxis.h,source,22,c0ebadf96f6058bd85f68aa3f36fb091ffa72fb09dcf90a207da57b26e68dc5a,全文追跡,全文再監査,第二巡で全文を再読。placement receiver/packet/state matrix/input cancellation（A71）、session/LoadIntent/future owner、UTF8 path/atomic output、capture value bounds/request、NBT grammar/budget/indicesを再追跡。A71旧実状態3failures→Release/Debug Logic10312/0・配置ASan+UBSan2348/0、全5 suites/DLL通過。NativeMCのthread/placement/format-upgrade契約は実機項目。
src/plugin/LHolo.cpp,source,49,6d18d463a6ed9f8c47f91ae161464ae31cc0db1405faff3cddd871fa24c89b2e,全文追跡,全文再監査,第二巡: 起動失敗/再試行/借用退役/例外/worker joinと所有者寿命を再追跡。A57/A58修正後Release・Debug・NBT sanitizer通過。Native chain/drainと故障注入は実機項目。
src/plugin/LHolo.h,source,46,b154859f586df83d81f6d86a15d4af39ad55f19703eda68a42fe5058977a1033,全文追跡,全文再監査,第二巡: 起動失敗/再試行/借用退役/例外/worker joinと所有者寿命を再追跡。A57/A58修正後Release・Debug・NBT sanitizer通過。Native chain/drainと故障注入は実機項目。
src/plugin/MemoryOperators.cpp,source,19,db7738439ebde0f7600f430fd02790735144bd6566b5c3893846e1c4a019a048,全文追跡,全文再監査,第二巡: 起動失敗/再試行/借用退役/例外/worker joinと所有者寿命を再追跡。A57/A58修正後Release・Debug・NBT sanitizer通過。Native chain/drainと故障注入は実機項目。
src/projection/Projection.cpp,source,217,870c1fc1c233eb3fd888b89824ab2fc2653090fb0ef41b80fc9040bbfd3fccf8,全文追跡,全文再監査,第二巡で全文を再読。Native液体cell/section checkpointとownership、bounds生成共有（A69/A70）、render/material/camera lifetime、epoch/queue/activation、入力・block/item rulesを追跡。Release/Debug DLLとA69全5 suites通過。Native tessellator故障注入・実機visual/thread/ABI契約は別項目。
src/projection/Projection.h,source,75,f3a7e98c11e45a6be2260557948b3b8f75d85a6d9a149a55eb406fbfdcd47dc1,全文追跡,全文再監査,第二巡で全文を再読。Native液体cell/section checkpointとownership、bounds生成共有（A69/A70）、render/material/camera lifetime、epoch/queue/activation、入力・block/item rulesを追跡。Release/Debug DLLとA69全5 suites通過。Native tessellator故障注入・実機visual/thread/ABI契約は別項目。
src/projection/ProjectionController.cpp,source,52,29febbbdef7317f2bf2b8e30055110416ce4bacc14b67b87a790a6479b8db403,全文追跡,全文再監査,第二巡: 起動失敗/再試行/借用退役/例外/worker joinと所有者寿命を再追跡。A57/A58修正後Release・Debug・NBT sanitizer通過。Native chain/drainと故障注入は実機項目。
src/projection/ProjectionController.h,source,25,cdd0b4229b3a3b73b4fc7156fc1985eb73e3bd3a3e632810b4945580c2c2a48b,全文追跡,全文再監査,第二巡: 起動失敗/再試行/借用退役/例外/worker joinと所有者寿命を再追跡。A57/A58修正後Release・Debug・NBT sanitizer通過。Native chain/drainと故障注入は実機項目。
src/projection/ProjectionTypes.h,source,79,b9ffcb190799578d5b0448263254cd592e576997929a2a1abecc2f06aa50b4b8,全文追跡,全文再監査,第二巡全文。A68 allocation後rollbackのsilent invalid returnを再throwへ修正・DLL Release/Debug、既存allocator/epochのNBT ASan/UBSan3091/0確認。Native append faultは外部。座標wide化/region scan/extra propagation/actor ownershipとrevisionを追跡。
src/projection/core/LiquidBoundaryMaskCache.h,source,108,0c3734e16e82da705ca8b6f893944e595cdbf3ba7eec9fc459ece3b3368bc568,全文追跡,全文再監査,第二巡全文。A68 allocation後rollbackのsilent invalid returnを再throwへ修正・DLL Release/Debug、既存allocator/epochのNBT ASan/UBSan3091/0確認。Native append faultは外部。座標wide化/region scan/extra propagation/actor ownershipとrevisionを追跡。
src/projection/core/LiquidReplayRules.h,source,49,509b0328329991681d02da80bbff3e2b790bf344cc4c27e332626451db15f716,全文追跡,全文再監査,第二巡全文。A68 allocation後rollbackのsilent invalid returnを再throwへ修正・DLL Release/Debug、既存allocator/epochのNBT ASan/UBSan3091/0確認。Native append faultは外部。座標wide化/region scan/extra propagation/actor ownershipとrevisionを追跡。
src/projection/core/ProjectionCoordinateBounds.h,source,131,e4066514352119e946235bd9966170c74cc381288ce35fb14cdfc808ea329612,全文追跡,全文再監査,第二巡全文。A68 allocation後rollbackのsilent invalid returnを再throwへ修正・DLL Release/Debug、既存allocator/epochのNBT ASan/UBSan3091/0確認。Native append faultは外部。座標wide化/region scan/extra propagation/actor ownershipとrevisionを追跡。
src/projection/core/ProjectionCoordinateKey.h,source,25,52c1320151fed72d25466f9ec4353c5bf538196d2a67f41a3ca52d093d57ae33,全文追跡,全文再監査,第二巡全文。A68 allocation後rollbackのsilent invalid returnを再throwへ修正・DLL Release/Debug、既存allocator/epochのNBT ASan/UBSan3091/0確認。Native append faultは外部。座標wide化/region scan/extra propagation/actor ownershipとrevisionを追跡。
src/projection/core/ProjectionInternalTypes.h,source,203,87377eca666ec99b683243accb57cba57d69dd79bafd7154dc42b181d7486d96,全文追跡,全文再監査,第二巡全文。A68 allocation後rollbackのsilent invalid returnを再throwへ修正・DLL Release/Debug、既存allocator/epochのNBT ASan/UBSan3091/0確認。Native append faultは外部。座標wide化/region scan/extra propagation/actor ownershipとrevisionを追跡。
src/projection/core/ProjectionLayoutRules.cpp,source,216,ba861b95bf3c59b9b8c8416f1b6050cbec392f0c37aab03101737b4604f13a7d,全文追跡,全文再監査,第二巡全文。A68 allocation後rollbackのsilent invalid returnを再throwへ修正・DLL Release/Debug、既存allocator/epochのNBT ASan/UBSan3091/0確認。Native append faultは外部。座標wide化/region scan/extra propagation/actor ownershipとrevisionを追跡。
src/projection/core/ProjectionLiquidCompatColor.h,source,108,5860809e511372cadf4b2519cd03ac5fc67f6f752d4f990f3b2f92697abf4b47,全文追跡,全文再監査,第二巡全文。A68 allocation後rollbackのsilent invalid returnを再throwへ修正・DLL Release/Debug、既存allocator/epochのNBT ASan/UBSan3091/0確認。Native append faultは外部。座標wide化/region scan/extra propagation/actor ownershipとrevisionを追跡。
src/projection/core/ProjectionLiquidFaceCull.h,source,248,dd15701c9f81c4b3e35a40102e5e2d4105596893f9ab861befa0ba1b3520fa25,全文追跡,全文再監査,第二巡全文。A68 allocation後rollbackのsilent invalid returnを再throwへ修正・DLL Release/Debug、既存allocator/epochのNBT ASan/UBSan3091/0確認。Native append faultは外部。座標wide化/region scan/extra propagation/actor ownershipとrevisionを追跡。
src/projection/core/ProjectionLiquidUv.h,source,114,d4d89a82e8958dea8c8075f4d361f81a8e728e038d6586361d5d09d4547fc9bb,全文追跡,全文再監査,第二巡全文。A68 allocation後rollbackのsilent invalid returnを再throwへ修正・DLL Release/Debug、既存allocator/epochのNBT ASan/UBSan3091/0確認。Native append faultは外部。座標wide化/region scan/extra propagation/actor ownershipとrevisionを追跡。
src/projection/core/ProjectionRules.cpp,source,192,544970baf4b2b270b8d32af9a650308ad5be2b3bbf403e3487e2b04444932256,全文追跡,全文再監査,第二巡全文。A67のconnectionUpdate write-suppression依存とsync/worker入口、task snapshot/halo、CPU Never→owner GPU upload、generation/revision/fatal recovery/aggregate retirementを追跡。Native thread/ChunkView契約は実機限定。
src/projection/core/ProjectionRules.h,source,111,ca0aa704e3a0f7c645645ea9a9a1cba709d4c609367f69b5f472f7bdb2a65266,全文追跡,全文再監査,第二巡全文。A67のconnectionUpdate write-suppression依存とsync/worker入口、task snapshot/halo、CPU Never→owner GPU upload、generation/revision/fatal recovery/aggregate retirementを追跡。Native thread/ChunkView契約は実機限定。
src/projection/core/ProjectionState.h,source,190,eadd91fb0c6cddff90fe0bdd9779352bb7a60df8cded67e21fcc438a63199c75,全文追跡,全文再監査,第二巡全文。A68 allocation後rollbackのsilent invalid returnを再throwへ修正・DLL Release/Debug、既存allocator/epochのNBT ASan/UBSan3091/0確認。Native append faultは外部。座標wide化/region scan/extra propagation/actor ownershipとrevisionを追跡。
src/projection/correction/ProjectionCorrectionTracker.cpp,source,608,cd9d450b227ac313033f0539fe29ab7739fc78037b0d086b3830b7b4d6b5432a,全文追跡,全文再監査,第二巡全文。A68 allocation後rollbackのsilent invalid returnを再throwへ修正・DLL Release/Debug、既存allocator/epochのNBT ASan/UBSan3091/0確認。Native append faultは外部。座標wide化/region scan/extra propagation/actor ownershipとrevisionを追跡。
src/projection/correction/ProjectionCorrectionTracker.h,source,40,835ac1c5a26ac9937053875cb2a8f4292937fbc8a53fd0b6f76a8b744a2434d8,全文追跡,全文再監査,第二巡全文。A68 allocation後rollbackのsilent invalid returnを再throwへ修正・DLL Release/Debug、既存allocator/epochのNBT ASan/UBSan3091/0確認。Native append faultは外部。座標wide化/region scan/extra propagation/actor ownershipとrevisionを追跡。
src/projection/hooks/ProjectionGameHooks.cpp,source,365,d6f2b4c808c7d09d914c26229aab2b41708727ec2e15296f9dc6b0e468e2f197,全文追跡,全文再監査,第二巡: 全typed hook/query/write/packet/render准入・失敗追跡・TLS scope/worker task generation/結果所有とstop経路を全文再読。A67のphysical removal前Running/worker drain候補を検出しTODOで検証中。全文再監査記録は無欠陥/修正完了の宣言ではない。
src/projection/hooks/ProjectionGameHooks.h,source,14,4c591858f8671a8dc880c6845005c2c35b74750e8708bf3bbf263cd4f3b3bf6a,全文追跡,全文再監査,第二巡: 全typed hook/query/write/packet/render准入・失敗追跡・TLS scope/worker task generation/結果所有とstop経路を全文再読。A67のphysical removal前Running/worker drain候補を検出しTODOで検証中。全文再監査記録は無欠陥/修正完了の宣言ではない。
src/projection/hooks/ProjectionRenderHooks.cpp,source,114,6378054f5f0273a5bc6933c1cac8a5f6257424b9149e4ca2c79fc1b392161259,全文追跡,全文再監査,第二巡: 全typed hook/query/write/packet/render准入・失敗追跡・TLS scope/worker task generation/結果所有とstop経路を全文再読。A67のphysical removal前Running/worker drain候補を検出しTODOで検証中。全文再監査記録は無欠陥/修正完了の宣言ではない。
src/projection/hooks/ProjectionRenderHooks.h,source,14,948d0d414b2761dd66d3e66f101f91588b7f62c97778fa52d69bcbd3550c0abf,全文追跡,全文再監査,第二巡: 全typed hook/query/write/packet/render准入・失敗追跡・TLS scope/worker task generation/結果所有とstop経路を全文再読。A67のphysical removal前Running/worker drain候補を検出しTODOで検証中。全文再監査記録は無欠陥/修正完了の宣言ではない。
src/projection/mesh/DirtySectionSelection.h,source,34,1fec3c2afc0c6f50e8d7c354bc102b1f7a5ac9b667037c5e5d5e6003a37059b5,全文追跡,全文再監査,第二巡全文。A67のconnectionUpdate write-suppression依存とsync/worker入口、task snapshot/halo、CPU Never→owner GPU upload、generation/revision/fatal recovery/aggregate retirementを追跡。Native thread/ChunkView契約は実機限定。
src/projection/mesh/ProjectionMeshScheduler.cpp,source,503,6f9db14b08491b1de4c07f63e4ccb21de32d0122d999add7ddcb66d24a8624d3,全文追跡,全文再監査,第二巡全文。A67のconnectionUpdate write-suppression依存とsync/worker入口、task snapshot/halo、CPU Never→owner GPU upload、generation/revision/fatal recovery/aggregate retirementを追跡。Native thread/ChunkView契約は実機限定。
src/projection/mesh/ProjectionMeshScheduler.h,source,37,dacdb7dc54d6372e216af7cec4f605d6938de81ebde88b30d7a66e64bc7f1944,全文追跡,全文再監査,第二巡全文。A67のconnectionUpdate write-suppression依存とsync/worker入口、task snapshot/halo、CPU Never→owner GPU upload、generation/revision/fatal recovery/aggregate retirementを追跡。Native thread/ChunkView契約は実機限定。
src/projection/mesh/ProjectionMeshUpload.cpp,source,333,9b6509d1ff43db1e14a74465a10f2cb83be5bd56b34990a00717958dd0f21550,全文追跡,全文再監査,第二巡全文。A67のconnectionUpdate write-suppression依存とsync/worker入口、task snapshot/halo、CPU Never→owner GPU upload、generation/revision/fatal recovery/aggregate retirementを追跡。Native thread/ChunkView契約は実機限定。
src/projection/mesh/ProjectionMeshUpload.h,source,16,3dd0a5665802eb04b37d9bc6edf85e609c57d413f84f3056081d3174c45a32b6,全文追跡,全文再監査,第二巡全文。A67のconnectionUpdate write-suppression依存とsync/worker入口、task snapshot/halo、CPU Never→owner GPU upload、generation/revision/fatal recovery/aggregate retirementを追跡。Native thread/ChunkView契約は実機限定。
src/projection/mesh/ProjectionMeshWorker.cpp,source,141,c04e041acf004137621419a5991ee638fe777c7c31a513778fd499534e276141,全文追跡,全文再監査,A67のRunning先行drain/packed admission/worker全taskとcapture解放を再読しRelease・Debug・実MinHook回帰・ASan/UBSanを検証。Native MC/pl_unhook契約は外部。
src/projection/mesh/ProjectionMeshWorker.h,source,67,48fb53d4f42581b34fd3264ff2ffe0311a97c0f2fc23c6b5e578efa3d29cd774,全文追跡,全文再監査,第二巡: 全typed hook/query/write/packet/render准入・失敗追跡・TLS scope/worker task generation/結果所有とstop経路を全文再読。A67のphysical removal前Running/worker drain候補を検出しTODOで検証中。全文再監査記録は無欠陥/修正完了の宣言ではない。
src/projection/mesh/ProjectionRenderer.cpp,source,1152,45d71d2b471cbc91cac9a675fed42f8150013e57556a6bda45531c6d09c3271a,全文追跡,全文再監査,第二巡で全文を再読。Native液体cell/section checkpointとownership、bounds生成共有（A69/A70）、render/material/camera lifetime、epoch/queue/activation、入力・block/item rulesを追跡。Release/Debug DLLとA69全5 suites通過。Native tessellator故障注入・実機visual/thread/ABI契約は別項目。
src/projection/mesh/ProjectionRenderer.h,source,40,726504614f1f51e251115481dd9567114c52c99a6c66a3123233e01052e4b98d,全文追跡,全文再監査,第二巡で全文を再読。Native液体cell/section checkpointとownership、bounds生成共有（A69/A70）、render/material/camera lifetime、epoch/queue/activation、入力・block/item rulesを追跡。Release/Debug DLLとA69全5 suites通過。Native tessellator故障注入・実機visual/thread/ABI契約は別項目。
src/projection/mesh/ProjectionSectionBuilder.cpp,source,2098,523c0a2a8d6fed13120d1638c068b628ada3db4e2494449a290e4332bc46054e,全文追跡,全文再監査,第二巡で全文を再読。Native液体cell/section checkpointとownership、bounds生成共有（A69/A70）、render/material/camera lifetime、epoch/queue/activation、入力・block/item rulesを追跡。Release/Debug DLLとA69全5 suites通過。Native tessellator故障注入・実機visual/thread/ABI契約は別項目。
src/projection/mesh/ProjectionSectionBuilder.h,source,53,eb98d89147006c11728160947c22aa62eb272f92dc55066f38185389cafdf099,全文追跡,全文再監査,第二巡で全文を再読。Native液体cell/section checkpointとownership、bounds生成共有（A69/A70）、render/material/camera lifetime、epoch/queue/activation、入力・block/item rulesを追跡。Release/Debug DLLとA69全5 suites通過。Native tessellator故障注入・実機visual/thread/ABI契約は別項目。
src/projection/mesh/SectionBlockSnapshot.h,source,44,6efe02949cba9ed68f4d20e8e14becc4634f55e42afc0f02a6a89e15eb4b828d,全文追跡,全文再監査,第二巡全文。A67のconnectionUpdate write-suppression依存とsync/worker入口、task snapshot/halo、CPU Never→owner GPU upload、generation/revision/fatal recovery/aggregate retirementを追跡。Native thread/ChunkView契約は実機限定。
src/projection/mesh/SectionBuildCommit.h,source,17,b105a8504cd344887276635aa64f19e2241fcdbd80f4f6adfc30f997982ece95,全文追跡,全文再監査,第二巡全文。A67のconnectionUpdate write-suppression依存とsync/worker入口、task snapshot/halo、CPU Never→owner GPU upload、generation/revision/fatal recovery/aggregate retirementを追跡。Native thread/ChunkView契約は実機限定。
src/projection/mesh/SingleTaskWorker.h,source,76,b90fcd51bfbb66214fe677888b03d699a7b27b20ded92703112a49406910fe21,全文追跡,全文再監査,第二巡: 全typed hook/query/write/packet/render准入・失敗追跡・TLS scope/worker task generation/結果所有とstop経路を全文再読。A67のphysical removal前Running/worker drain候補を検出しTODOで検証中。全文再監査記録は無欠陥/修正完了の宣言ではない。
src/projection/mesh/WorkerTaskBoundary.h,source,49,e1467eeb0e2fad285fb86ea818fbab38ea215de6494deb1ead12804d5a199b32,全文追跡,全文再監査,A67のRunning先行drain/packed admission/worker全taskとcapture解放を再読しRelease・Debug・実MinHook回帰・ASan/UBSanを検証。Native MC/pl_unhook契約は外部。
src/projection/runtime/CoalescedEventQueue.h,source,70,17ff29d4cebbe98e40a4fad3848f70248fa419c1442e800893e50813f05260e4,全文追跡,全文再監査,第二巡で全文を再読。Native液体cell/section checkpointとownership、bounds生成共有（A69/A70）、render/material/camera lifetime、epoch/queue/activation、入力・block/item rulesを追跡。Release/Debug DLLとA69全5 suites通過。Native tessellator故障注入・実機visual/thread/ABI契約は別項目。
src/projection/runtime/EpochFailure.h,source,21,ff21db4c7aa07f5208f5494938d0832fe527e1d8a974c65cc06e4ffb9069c0a6,全文追跡,全文再監査,第二巡で全文を再読。Native液体cell/section checkpointとownership、bounds生成共有（A69/A70）、render/material/camera lifetime、epoch/queue/activation、入力・block/item rulesを追跡。Release/Debug DLLとA69全5 suites通過。Native tessellator故障注入・実機visual/thread/ABI契約は別項目。
src/projection/runtime/MeshDiagnosticGate.h,source,21,488ecc9100b1e1497ed653e122cd43b4572968981553a49075cabaff127f7e83,全文追跡,全文再監査,第二巡で全文を再読。Native液体cell/section checkpointとownership、bounds生成共有（A69/A70）、render/material/camera lifetime、epoch/queue/activation、入力・block/item rulesを追跡。Release/Debug DLLとA69全5 suites通過。Native tessellator故障注入・実機visual/thread/ABI契約は別項目。
src/projection/runtime/ProjectionActivationRequests.h,source,62,c61d5cebaaaffea82680c2b11622e41f28f8709be03fa01b850bfe366f0ffc18,全文追跡,全文再監査,第二巡で全文を再読。Native液体cell/section checkpointとownership、bounds生成共有（A69/A70）、render/material/camera lifetime、epoch/queue/activation、入力・block/item rulesを追跡。Release/Debug DLLとA69全5 suites通過。Native tessellator故障注入・実機visual/thread/ABI契約は別項目。
src/projection/runtime/ProjectionFramePipeline.cpp,source,99,fc1ce5a1bdd88aca2dc6f55d232134c4f0bf97636b43a31bfad4c8f153e428f7,全文追跡,全文再監査,第二巡で全文を再読。Native液体cell/section checkpointとownership、bounds生成共有（A69/A70）、render/material/camera lifetime、epoch/queue/activation、入力・block/item rulesを追跡。Release/Debug DLLとA69全5 suites通過。Native tessellator故障注入・実機visual/thread/ABI契約は別項目。
src/projection/runtime/ProjectionFramePipeline.h,source,33,87b5c711ee26343f85e30c2c88d6f7ed373496b0c7c64d330647c646b36358a4,全文追跡,全文再監査,第二巡で全文を再読。Native液体cell/section checkpointとownership、bounds生成共有（A69/A70）、render/material/camera lifetime、epoch/queue/activation、入力・block/item rulesを追跡。Release/Debug DLLとA69全5 suites通過。Native tessellator故障注入・実機visual/thread/ABI契約は別項目。
src/projection/runtime/ProjectionInvalidation.cpp,source,209,036c8ba7d51f95ac5d98a1bbbbbd49eefb6e482ad46de2c3cbe6ff22b174cfba,全文追跡,全文再監査,第二巡全文。A68 allocation後rollbackのsilent invalid returnを再throwへ修正・DLL Release/Debug、既存allocator/epochのNBT ASan/UBSan3091/0確認。Native append faultは外部。座標wide化/region scan/extra propagation/actor ownershipとrevisionを追跡。
src/projection/runtime/ProjectionInvalidation.h,source,44,e432aa5687dee21d5afc11a13ab5762f65ede57d8ce6a7dccee8805a46c650f6,全文追跡,全文再監査,第二巡全文。A68 allocation後rollbackのsilent invalid returnを再throwへ修正・DLL Release/Debug、既存allocator/epochのNBT ASan/UBSan3091/0確認。Native append faultは外部。座標wide化/region scan/extra propagation/actor ownershipとrevisionを追跡。
src/projection/runtime/ProjectionLifecycle.cpp,source,235,e31b5d8a3badee158ddba122a9ab6b2ab877aad4364da99fcf40693a266c45b2,全文追跡,全文再監査,第二巡: 起動失敗/再試行/借用退役/例外/worker joinと所有者寿命を再追跡。A57/A58修正後Release・Debug・NBT sanitizer通過。Native chain/drainと故障注入は実機項目。
src/projection/runtime/ProjectionLifecycle.h,source,45,6f49a1bdea4d56043c9b0411ed6e799794a097709236a1464b02ed8b92d559c3,全文追跡,全文再監査,第二巡: 起動失敗/再試行/借用退役/例外/worker joinと所有者寿命を再追跡。A57/A58修正後Release・Debug・NBT sanitizer通過。Native chain/drainと故障注入は実機項目。
src/projection/runtime/ProjectionProgress.cpp,source,88,908eaf4c85a98d5aa8579fe0d4bfffa1f0a2bdc345d6a113c354ee3d0d65a274,全文追跡,全文再監査,第二巡で全文を再読。Native液体cell/section checkpointとownership、bounds生成共有（A69/A70）、render/material/camera lifetime、epoch/queue/activation、入力・block/item rulesを追跡。Release/Debug DLLとA69全5 suites通過。Native tessellator故障注入・実機visual/thread/ABI契約は別項目。
src/projection/runtime/ProjectionProgress.h,source,29,955fc8613d53e0a09a46fab975dfc9e347b3f8c36e3fe45a0799cd795a9bee71,全文追跡,全文再監査,第二巡で全文を再読。Native液体cell/section checkpointとownership、bounds生成共有（A69/A70）、render/material/camera lifetime、epoch/queue/activation、入力・block/item rulesを追跡。Release/Debug DLLとA69全5 suites通過。Native tessellator故障注入・実機visual/thread/ABI契約は別項目。
src/projection/runtime/ProjectionRenderFrame.cpp,source,639,3fcb3be8e92fff3c117f5491f22245ba498b0e000cb748de135437dfbcc38f1d,全文追跡,全文再監査,第二巡全文。A68 allocation後rollbackのsilent invalid returnを再throwへ修正・DLL Release/Debug、既存allocator/epochのNBT ASan/UBSan3091/0確認。Native append faultは外部。座標wide化/region scan/extra propagation/actor ownershipとrevisionを追跡。
src/projection/runtime/ProjectionRenderFrame.h,source,19,4c9eb6036ee6963e6eaf7af42812fd04bf80121c408d568e5bcb2f4d9740816f,全文追跡,全文再監査,第二巡全文。A68 allocation後rollbackのsilent invalid returnを再throwへ修正・DLL Release/Debug、既存allocator/epochのNBT ASan/UBSan3091/0確認。Native append faultは外部。座標wide化/region scan/extra propagation/actor ownershipとrevisionを追跡。
src/projection/runtime/ProjectionSession.cpp,source,98,0a795efcc0801a9eb3b00283962dff6232083f1304f53c8857ceaa77fb93b5ec,全文追跡,全文再監査,第二巡全文。A68 allocation後rollbackのsilent invalid returnを再throwへ修正・DLL Release/Debug、既存allocator/epochのNBT ASan/UBSan3091/0確認。Native append faultは外部。座標wide化/region scan/extra propagation/actor ownershipとrevisionを追跡。
src/projection/runtime/ProjectionSession.h,source,95,b7c73e32689bc52fe75221a2aa5385112639f1e003c80c3b13cdfa5a9d44dc7d,全文追跡,全文再監査,第二巡全文。A68 allocation後rollbackのsilent invalid returnを再throwへ修正・DLL Release/Debug、既存allocator/epochのNBT ASan/UBSan3091/0確認。Native append faultは外部。座標wide化/region scan/extra propagation/actor ownershipとrevisionを追跡。
src/projection/runtime/ProjectionWorldEvents.cpp,source,270,6c21feee854548ac3666bbaacf06c1dbc7c78bff0c1133ab16c6fae3ab619ee5,全文追跡,全文再監査,第二巡: 起動失敗/再試行/借用退役/例外/worker joinと所有者寿命を再追跡。A57/A58修正後Release・Debug・NBT sanitizer通過。Native chain/drainと故障注入は実機項目。
src/projection/runtime/ProjectionWorldEvents.h,source,50,644cee119ceae5fb4b48f4586d506aa2329c369eb4f5954c7305019eb883998e,全文追跡,全文再監査,第二巡: 起動失敗/再試行/借用退役/例外/worker joinと所有者寿命を再追跡。A57/A58修正後Release・Debug・NBT sanitizer通過。Native chain/drainと故障注入は実機項目。
src/projection/runtime/WorldEventInterest.h,source,53,0fa8f3945bd3bfd45ba258e109d62c156f3b37f30e6a6685c29191b87de40676,全文追跡,全文再監査,第二巡で全文を再読。Native液体cell/section checkpointとownership、bounds生成共有（A69/A70）、render/material/camera lifetime、epoch/queue/activation、入力・block/item rulesを追跡。Release/Debug DLLとA69全5 suites通過。Native tessellator故障注入・実機visual/thread/ABI契約は別項目。
src/projection/section/ProjectionSectionStateStore.cpp,source,24,cb9667fe483edceda5b4d5fc33742b5232a6c9e894545aced4b112164e8e02fc,全文追跡,全文再監査,第二巡で全文を再読。Native液体cell/section checkpointとownership、bounds生成共有（A69/A70）、render/material/camera lifetime、epoch/queue/activation、入力・block/item rulesを追跡。Release/Debug DLLとA69全5 suites通過。Native tessellator故障注入・実機visual/thread/ABI契約は別項目。
src/projection/section/ProjectionSectionStateStore.h,source,20,260d5418cbc44b027d1ff126c3a6f0a12f5eb96ec58aa0e6ef8d836176080501,全文追跡,全文再監査,第二巡で全文を再読。Native液体cell/section checkpointとownership、bounds生成共有（A69/A70）、render/material/camera lifetime、epoch/queue/activation、入力・block/item rulesを追跡。Release/Debug DLLとA69全5 suites通過。Native tessellator故障注入・実機visual/thread/ABI契約は別項目。
src/projection/world/ProjectionPlacement.cpp,source,296,67342bc4e8f50792de5081370ad8ec07ba51efe06bde3b0c58cbe4922c7ec0d6,全文追跡,全文再監査,第二巡全文。A68 allocation後rollbackのsilent invalid returnを再throwへ修正・DLL Release/Debug、既存allocator/epochのNBT ASan/UBSan3091/0確認。Native append faultは外部。座標wide化/region scan/extra propagation/actor ownershipとrevisionを追跡。
src/projection/world/ProjectionPlacement.h,source,40,5a75775847c164a9e12952c821d88ff827734ba6c0ac766832e6502f459a7c49,全文追跡,全文再監査,第二巡全文。A68 allocation後rollbackのsilent invalid returnを再throwへ修正・DLL Release/Debug、既存allocator/epochのNBT ASan/UBSan3091/0確認。Native append faultは外部。座標wide化/region scan/extra propagation/actor ownershipとrevisionを追跡。
src/projection/world/ProjectionQueries.cpp,source,96,402f2e86c6eb2d02c58d232e558232117bafc706f82949cc3f8343aa67b31d96,全文追跡,全文再監査,第二巡全文。A68 allocation後rollbackのsilent invalid returnを再throwへ修正・DLL Release/Debug、既存allocator/epochのNBT ASan/UBSan3091/0確認。Native append faultは外部。座標wide化/region scan/extra propagation/actor ownershipとrevisionを追跡。
src/projection/world/ProjectionQueries.h,source,31,f60089fb0c5c44374e15013bf9b5da06d69a06723e0dfc0d01efb18c83c754ec,全文追跡,全文再監査,第二巡全文。A68 allocation後rollbackのsilent invalid returnを再throwへ修正・DLL Release/Debug、既存allocator/epochのNBT ASan/UBSan3091/0確認。Native append faultは外部。座標wide化/region scan/extra propagation/actor ownershipとrevisionを追跡。
src/projection/world/ProjectionVirtualWorld.cpp,source,81,a3db058f757c87715e79a3311a7ea3d0f136e8bbb6eb94286422879929a13e80,全文追跡,全文再監査,第二巡: 全typed hook/query/write/packet/render准入・失敗追跡・TLS scope/worker task generation/結果所有とstop経路を全文再読。A67のphysical removal前Running/worker drain候補を検出しTODOで検証中。全文再監査記録は無欠陥/修正完了の宣言ではない。
src/projection/world/ProjectionVirtualWorld.h,source,60,d0645cb50c58cbf1da19efdc6a79cd136bd0339345e4a3c61a4e227b65463315,全文追跡,全文再監査,第二巡: 全typed hook/query/write/packet/render准入・失敗追跡・TLS scope/worker task generation/結果所有とstop経路を全文再読。A67のphysical removal前Running/worker drain候補を検出しTODOで検証中。全文再監査記録は無欠陥/修正完了の宣言ではない。
src/render/OverlayMaterials.h,source,97,1c9491183a3a565638264c2fa9b63ae7516339e3833ad6534b129d3f77a8df2d,全文追跡,全文再監査,第二巡で全文を再読。Native液体cell/section checkpointとownership、bounds生成共有（A69/A70）、render/material/camera lifetime、epoch/queue/activation、入力・block/item rulesを追跡。Release/Debug DLLとA69全5 suites通過。Native tessellator故障注入・実機visual/thread/ABI契約は別項目。
src/render/RenderCameraPosition.h,source,41,a0ff262adec93d40eaaf6437645ba6c2354092ca08311d6f783e032b597a74ab,全文追跡,全文再監査,第二巡で全文を再読。Native液体cell/section checkpointとownership、bounds生成共有（A69/A70）、render/material/camera lifetime、epoch/queue/activation、入力・block/item rulesを追跡。Release/Debug DLLとA69全5 suites通過。Native tessellator故障注入・実機visual/thread/ABI契約は別項目。
src/settings/SettingsStore.cpp,source,322,be37c4f651ea4c8b5786653604206421daedce019cd6403142d7ac9f58514b90,全文追跡,全文再監査,第二巡で全文を再読。placement receiver/packet/state matrix/input cancellation（A71）、session/LoadIntent/future owner、UTF8 path/atomic output、capture value bounds/request、NBT grammar/budget/indicesを再追跡。A71旧実状態3failures→Release/Debug Logic10312/0・配置ASan+UBSan2348/0、全5 suites/DLL通過。NativeMCのthread/placement/format-upgrade契約は実機項目。
src/settings/SettingsStore.h,source,90,33efb210569b8689e52c77c7ce2a75b69bc3b07bde4d45e65966dd2bad25777a,全文追跡,全文再監査,第二巡で全文を再読。placement receiver/packet/state matrix/input cancellation（A71）、session/LoadIntent/future owner、UTF8 path/atomic output、capture value bounds/request、NBT grammar/budget/indicesを再追跡。A71旧実状態3failures→Release/Debug Logic10312/0・配置ASan+UBSan2348/0、全5 suites/DLL通過。NativeMCのthread/placement/format-upgrade契約は実機項目。
src/structure/ClientViewState.h,source,38,7e97da9b44c26b1f6fce72e4271a26d919e8636adeab32c3a576ed5474b6d37a,全文追跡,全文再監査,第二巡で全文を再読。placement receiver/packet/state matrix/input cancellation（A71）、session/LoadIntent/future owner、UTF8 path/atomic output、capture value bounds/request、NBT grammar/budget/indicesを再追跡。A71旧実状態3failures→Release/Debug Logic10312/0・配置ASan+UBSan2348/0、全5 suites/DLL通過。NativeMCのthread/placement/format-upgrade契約は実機項目。
src/structure/LayerDisplayTypes.h,source,42,b29f7613a60e3ff74c4bff731cf97a96aeb5e3fd50221ab7348a8c46211d7d56,全文追跡,全文再監査,第二巡で全文を再読。placement receiver/packet/state matrix/input cancellation（A71）、session/LoadIntent/future owner、UTF8 path/atomic output、capture value bounds/request、NBT grammar/budget/indicesを再追跡。A71旧実状態3failures→Release/Debug Logic10312/0・配置ASan+UBSan2348/0、全5 suites/DLL通過。NativeMCのthread/placement/format-upgrade契約は実機項目。
src/structure/LoadIntent.h,source,45,653558d7a1bccb533518bd16599abc54a197d35b52709a3fb8e60b62049b9986,全文追跡,全文再監査,第二巡で全文を再読。placement receiver/packet/state matrix/input cancellation（A71）、session/LoadIntent/future owner、UTF8 path/atomic output、capture value bounds/request、NBT grammar/budget/indicesを再追跡。A71旧実状態3failures→Release/Debug Logic10312/0・配置ASan+UBSan2348/0、全5 suites/DLL通過。NativeMCのthread/placement/format-upgrade契約は実機項目。
src/structure/MaterialTracker.cpp,source,376,7e3f88ba8cbef8576006105d9d62531f7460cffd54de04862a4cee29a803feee,全文追跡,全文再監査,第二巡全文追跡。A72のHUD取消/publicationとformat Native借用を再検査。Native finalizationの寿命/thread契約は未検証として追跡。
src/structure/MaterialTracker.h,source,17,3f1d3064bbd6d647e9624df1f781ab3c34bb2104dea2747d72cc024f377b0639,全文追跡,全文再監査,第二巡全文追跡。A72のHUD取消/publicationとformat Native借用を再検査。Native finalizationの寿命/thread契約は未検証として追跡。
src/structure/StructureLoader.cpp,source,1353,5c26cb5a07ea2596ce09edc1f29b662fc090be98356c68f8436055d5dacfc58f,全文追跡,全文再監査,第二巡で全文を再読。placement receiver/packet/state matrix/input cancellation（A71）、session/LoadIntent/future owner、UTF8 path/atomic output、capture value bounds/request、NBT grammar/budget/indicesを再追跡。A71旧実状態3failures→Release/Debug Logic10312/0・配置ASan+UBSan2348/0、全5 suites/DLL通過。NativeMCのthread/placement/format-upgrade契約は実機項目。
src/structure/StructureLoader.h,source,148,c6ba370d2388d38a1b41b310403a2fc8ad2d9f10ed89704411f31b7e05a979d7,全文追跡,全文再監査,第二巡で全文を再読。placement receiver/packet/state matrix/input cancellation（A71）、session/LoadIntent/future owner、UTF8 path/atomic output、capture value bounds/request、NBT grammar/budget/indicesを再追跡。A71旧実状態3failures→Release/Debug Logic10312/0・配置ASan+UBSan2348/0、全5 suites/DLL通過。NativeMCのthread/placement/format-upgrade契約は実機項目。
src/structure/StructurePaths.cpp,source,53,ca01f6596b53848a556818353e76e458322b2803abd24a9cea181d57242777cd,全文追跡,全文再監査,第二巡で全文を再読。placement receiver/packet/state matrix/input cancellation（A71）、session/LoadIntent/future owner、UTF8 path/atomic output、capture value bounds/request、NBT grammar/budget/indicesを再追跡。A71旧実状態3failures→Release/Debug Logic10312/0・配置ASan+UBSan2348/0、全5 suites/DLL通過。NativeMCのthread/placement/format-upgrade契約は実機項目。
src/structure/StructurePaths.h,source,18,58b7ef5155b86f4bc3ac544fe5d6b42d4e8882f26b15503096fc457bb399247c,全文追跡,全文再監査,第二巡で全文を再読。placement receiver/packet/state matrix/input cancellation（A71）、session/LoadIntent/future owner、UTF8 path/atomic output、capture value bounds/request、NBT grammar/budget/indicesを再追跡。A71旧実状態3failures→Release/Debug Logic10312/0・配置ASan+UBSan2348/0、全5 suites/DLL通過。NativeMCのthread/placement/format-upgrade契約は実機項目。
src/structure/StructureSession.cpp,source,258,0cb9153d5cee8f4a3320e5270dcd273f01e1d0748610ad6f50abf9d3884ef742,全文追跡,全文再監査,第二巡で全文を再読。placement receiver/packet/state matrix/input cancellation（A71）、session/LoadIntent/future owner、UTF8 path/atomic output、capture value bounds/request、NBT grammar/budget/indicesを再追跡。A71旧実状態3failures→Release/Debug Logic10312/0・配置ASan+UBSan2348/0、全5 suites/DLL通過。NativeMCのthread/placement/format-upgrade契約は実機項目。
src/structure/StructureSession.h,source,134,480f7d0805f7ff95c8769905db87bb6266329b0ae80660d3ae9105a6c4237a77,全文追跡,全文再監査,第二巡で全文を再読。placement receiver/packet/state matrix/input cancellation（A71）、session/LoadIntent/future owner、UTF8 path/atomic output、capture value bounds/request、NBT grammar/budget/indicesを再追跡。A71旧実状態3failures→Release/Debug Logic10312/0・配置ASan+UBSan2348/0、全5 suites/DLL通過。NativeMCのthread/placement/format-upgrade契約は実機項目。
src/structure/StructureUiState.cpp,source,519,b36f2f89f87e1b3372776148c489975549cff92347e8a87b9c0b2bcd78dc51cf,全文追跡,全文再監査,第二巡全文追跡。A72のHUD取消/publicationとformat Native借用を再検査。Native finalizationの寿命/thread契約は未検証として追跡。
src/structure/StructureUiState.h,source,258,4020b048e8693b74bafd5eda67775ccd85a099f732b1a69a9af096de361831f0,全文追跡,全文再監査,第二巡全文追跡。A72のHUD取消/publicationとformat Native借用を再検査。Native finalizationの寿命/thread契約は未検証として追跡。
src/structure/capture/CaptureBounds.h,source,43,017efa5a4170663715006059197a6391e527e8fb0c841518bc1969ef0d1fa0c6,全文追跡,全文再監査,第二巡で全文を再読。placement receiver/packet/state matrix/input cancellation（A71）、session/LoadIntent/future owner、UTF8 path/atomic output、capture value bounds/request、NBT grammar/budget/indicesを再追跡。A71旧実状態3failures→Release/Debug Logic10312/0・配置ASan+UBSan2348/0、全5 suites/DLL通過。NativeMCのthread/placement/format-upgrade契約は実機項目。
src/structure/capture/CaptureRequests.h,source,35,f4363404ceb06398db7547c1907e9ab861646f6205cea1aac39e729efd80c9ad,全文追跡,全文再監査,第二巡で全文を再読。placement receiver/packet/state matrix/input cancellation（A71）、session/LoadIntent/future owner、UTF8 path/atomic output、capture value bounds/request、NBT grammar/budget/indicesを再追跡。A71旧実状態3failures→Release/Debug Logic10312/0・配置ASan+UBSan2348/0、全5 suites/DLL通過。NativeMCのthread/placement/format-upgrade契約は実機項目。
src/structure/capture/McstructureExporter.cpp,source,16,259952bdfa91fee458880e9a98b1b912111e7254ad70755d080858ffb139e726,全文追跡,全文再監査,第二巡で全文を再読。placement receiver/packet/state matrix/input cancellation（A71）、session/LoadIntent/future owner、UTF8 path/atomic output、capture value bounds/request、NBT grammar/budget/indicesを再追跡。A71旧実状態3failures→Release/Debug Logic10312/0・配置ASan+UBSan2348/0、全5 suites/DLL通過。NativeMCのthread/placement/format-upgrade契約は実機項目。
src/structure/capture/McstructureExporter.h,source,11,d2121911b4ec91b45a2e7e848858c7f3a24c192403af72fefadf689008c03903,全文追跡,全文再監査,第二巡で全文を再読。placement receiver/packet/state matrix/input cancellation（A71）、session/LoadIntent/future owner、UTF8 path/atomic output、capture value bounds/request、NBT grammar/budget/indicesを再追跡。A71旧実状態3failures→Release/Debug Logic10312/0・配置ASan+UBSan2348/0、全5 suites/DLL通過。NativeMCのthread/placement/format-upgrade契約は実機項目。
src/structure/capture/StructureCapture.cpp,source,288,c69c74ca22a07225a74960bdb77cdc443c99ded363acd21d926530e0a33640cf,全文追跡,全文再監査,第二巡: 起動失敗/再試行/借用退役/例外/worker joinと所有者寿命を再追跡。A57/A58修正後Release・Debug・NBT sanitizer通過。Native chain/drainと故障注入は実機項目。
src/structure/capture/StructureCapture.h,source,57,f45bcc275115e71923e6d563d9186151ca417ff6ea451489a460bc16385afb0d,全文追跡,全文再監査,第二巡で全文を再読。placement receiver/packet/state matrix/input cancellation（A71）、session/LoadIntent/future owner、UTF8 path/atomic output、capture value bounds/request、NBT grammar/budget/indicesを再追跡。A71旧実状態3failures→Release/Debug Logic10312/0・配置ASan+UBSan2348/0、全5 suites/DLL通過。NativeMCのthread/placement/format-upgrade契約は実機項目。
src/structure/formats/BedrockNbtScanner.h,source,122,ecbd88b227eb96d1c4a6716f1ef016831f3e85946ce964522162518958f32d00,全文追跡,全文再監査,第二巡で全文を再読。placement receiver/packet/state matrix/input cancellation（A71）、session/LoadIntent/future owner、UTF8 path/atomic output、capture value bounds/request、NBT grammar/budget/indicesを再追跡。A71旧実状態3failures→Release/Debug Logic10312/0・配置ASan+UBSan2348/0、全5 suites/DLL通過。NativeMCのthread/placement/format-upgrade契約は実機項目。
src/structure/formats/JavaNbtReader.h,source,257,3c7c9bbfdb8e52a63812b683d97c4d59dcd5cd44692bcb061b7ed9eeb06a693c,全文追跡,全文再監査,第二巡で全文を再読。placement receiver/packet/state matrix/input cancellation（A71）、session/LoadIntent/future owner、UTF8 path/atomic output、capture value bounds/request、NBT grammar/budget/indicesを再追跡。A71旧実状態3failures→Release/Debug Logic10312/0・配置ASan+UBSan2348/0、全5 suites/DLL通過。NativeMCのthread/placement/format-upgrade契約は実機項目。
src/structure/formats/LitematicFormatRules.h,source,42,3a0ddc457f911a13e0d16194406ab58593323cbf8bde235bf44aa12acef53c7c,全文追跡,全文再監査,第二巡で全文を再読。placement receiver/packet/state matrix/input cancellation（A71）、session/LoadIntent/future owner、UTF8 path/atomic output、capture value bounds/request、NBT grammar/budget/indicesを再追跡。A71旧実状態3failures→Release/Debug Logic10312/0・配置ASan+UBSan2348/0、全5 suites/DLL通過。NativeMCのthread/placement/format-upgrade契約は実機項目。
src/structure/formats/McstructureIndices.h,source,120,1e89f993c309f93f42511ceea44ff3674dfac8c7ab05e9abf3625bbe13366be0,全文追跡,全文再監査,第二巡で全文を再読。placement receiver/packet/state matrix/input cancellation（A71）、session/LoadIntent/future owner、UTF8 path/atomic output、capture value bounds/request、NBT grammar/budget/indicesを再追跡。A71旧実状態3failures→Release/Debug Logic10312/0・配置ASan+UBSan2348/0、全5 suites/DLL通過。NativeMCのthread/placement/format-upgrade契約は実機項目。
src/structure/formats/StructureFormatLoaders.cpp,source,1409,3650bed4a1690d541928311847f2eda2b921037ff86f75a7d81de57710e34cff,全文追跡,全文再監査,第二巡全文追跡。A72のHUD取消/publicationとformat Native借用を再検査。Native finalizationの寿命/thread契約は未検証として追跡。
src/structure/formats/StructureFormatLoaders.h,source,39,0420cc0bcf6e4262e9b57761652786d2f8eab0dfd46e030644f81e37acd542cc,全文追跡,全文再監査,第二巡で全文を再読。placement receiver/packet/state matrix/input cancellation（A71）、session/LoadIntent/future owner、UTF8 path/atomic output、capture value bounds/request、NBT grammar/budget/indicesを再追跡。A71旧実状態3failures→Release/Debug Logic10312/0・配置ASan+UBSan2348/0、全5 suites/DLL通過。NativeMCのthread/placement/format-upgrade契約は実機項目。
src/structure/java_to_bedrock/GeneratedChunkerMappings.inc,generated,13997,e2ec55299dbe3c55d5d424bcc4fd8641d8ffc68b7fcb448aa71e716e21118600,データ検査済,データ再検査,全JSON key/duplicate/UTF-8/NUL/metadata/printf引数型と全mapping decoded rows/schema/order/provenanceを再検査。second-locale-validation.logとsecond-mapping-validation.log。Native compatibility未検証。
src/structure/java_to_bedrock/JavaBlockEntityToBedrock.cpp,source,70,9858d52431482d4d4ddc7b3b5ec7c8c86ab895300ad892e4d29249bde0ec54df,全文追跡,全文再監査,第二巡全文追跡。A72のHUD取消/publicationとformat Native借用を再検査。Native finalizationの寿命/thread契約は未検証として追跡。
src/structure/java_to_bedrock/JavaBlockEntityToBedrock.h,source,49,cdbbf30e535e9714199b9910f63215afb5979ad3cc80c0d8fb0edaa23eadfa58,全文追跡,全文再監査,第二巡全文追跡。A72のHUD取消/publicationとformat Native借用を再検査。Native finalizationの寿命/thread契約は未検証として追跡。
src/structure/java_to_bedrock/JavaTextComponent.cpp,source,60,03be3d276b2910a1dc844831952ff5c492946644c788b8d289e98be00fbf4476,全文追跡,全文再監査,第二巡全文追跡。A72のHUD取消/publicationとformat Native借用を再検査。Native finalizationの寿命/thread契約は未検証として追跡。
src/structure/java_to_bedrock/JavaToBedrock.cpp,source,270,91330bbbf37edc2d02007958df3ded8c4657da3ac9f2ce2bbb93890fd7fe2516,全文追跡,全文再監査,第二巡全文追跡。A72のHUD取消/publicationとformat Native借用を再検査。Native finalizationの寿命/thread契約は未検証として追跡。
src/structure/java_to_bedrock/JavaToBedrock.h,source,33,02e91f5c0df02ade866d83d80f82025c7f1d95215892a79a7df5ce44962d0d48,全文追跡,全文再監査,第二巡全文追跡。A72のHUD取消/publicationとformat Native借用を再検査。Native finalizationの寿命/thread契約は未検証として追跡。
src/ui/FileDialog.cpp,source,107,f9503e9936779414fbb2c256a684f5b78351b534b4dd4ada950687a4f0ed88ef,全文追跡,全文再監査,第二巡全文再監査。menuの借用/model lifetimeとworld resetのmode書戻しをA73で検証中。render純粋logicとNative integrationを区別。
src/ui/FileDialog.h,source,17,1e8997f05db847b46d18d5c118448d3d41149ece6f409bd64cc2536e6817585e,全文追跡,全文再監査,第二巡全文再監査。menuの借用/model lifetimeとworld resetのmode書戻しをA73で検証中。render純粋logicとNative integrationを区別。
src/ui/FluentTheme.cpp,source,111,774973129ec22c7974596d3bd26e0c2366feb7e7d76c43d578d01adfc40facdd,全文追跡,全文再監査,第二巡全文再監査。menuの借用/model lifetimeとworld resetのmode書戻しをA73で検証中。render純粋logicとNative integrationを区別。
src/ui/FluentTheme.h,source,22,ec794819b16da1dddb5e8e8e651648a9c64f34a5e53159a96a011c9124c73643,全文追跡,全文再監査,第二巡全文再監査。menuの借用/model lifetimeとworld resetのmode書戻しをA73で検証中。render純粋logicとNative integrationを区別。
src/ui/HotkeyFormat.cpp,source,84,044c5edb135a9791ba3b4702dcee836b64c594b2795a3d84fd5c534c336cf217,全文追跡,全文再監査,第二巡全文再監査。menuの借用/model lifetimeとworld resetのmode書戻しをA73で検証中。render純粋logicとNative integrationを区別。
src/ui/HotkeyFormat.h,source,25,b30c4821eec62c508d3761301f92581ffd25a7cf951dc377f1b19cf949f35573,全文追跡,全文再監査,第二巡全文再監査。menuの借用/model lifetimeとworld resetのmode書戻しをA73で検証中。render純粋logicとNative integrationを区別。
src/ui/LHoloMenu.cpp,source,107,cd7f53b8d808dd054e9aebef41a3a656c474f890f716d04c0871ad098f27cae3,全文追跡,全文再監査,第二巡全文再監査。menuの借用/model lifetimeとworld resetのmode書戻しをA73で検証中。render純粋logicとNative integrationを区別。
src/ui/LHoloMenu.h,source,158,be371773e11e7faec0835e57928b9e4aa1822171b7b0c35c3da6e6e9cf2be261,全文追跡,全文再監査,第二巡全文再監査。menuの借用/model lifetimeとworld resetのmode書戻しをA73で検証中。render純粋logicとNative integrationを区別。
src/ui/ManualPlacementSettings.cpp,source,55,051a334894989686ea4349c4aef9b93b1e9ec77478b15d341e3257a60d8f5e72,全文追跡,全文再監査,第二巡全文再監査。menuの借用/model lifetimeとworld resetのmode書戻しをA73で検証中。render純粋logicとNative integrationを区別。
src/ui/ManualPlacementSettings.h,source,6,b5cf003e46e8d40daec5153f8c6497a2441297893d7fed76fa59d12d170a5cb2,全文追跡,全文再監査,第二巡全文再監査。menuの借用/model lifetimeとworld resetのmode書戻しをA73で検証中。render純粋logicとNative integrationを区別。
src/ui/MenuController.cpp,source,415,b8a8fd15e910dc56ee70ae347f05b91af94760e1b1cd39698731458b4549967e,全文追跡,全文再監査,第二巡全文再監査。menuの借用/model lifetimeとworld resetのmode書戻しをA73で検証中。render純粋logicとNative integrationを区別。
src/ui/MenuController.h,source,24,4fe6f9cbf8cdd9b78dbaa5d9b048893a44f76cb71fa6eec22fed882cfb2b7e83,全文追跡,全文再監査,第二巡全文再監査。menuの借用/model lifetimeとworld resetのmode書戻しをA73で検証中。render純粋logicとNative integrationを区別。
src/ui/MenuPages.cpp,source,1081,cf1009043903f0e35db3e915630e473218ea3ab0a61f67043cbec57343def581,全文追跡,全文再監査,第二巡全文再監査。menuの借用/model lifetimeとworld resetのmode書戻しをA73で検証中。render純粋logicとNative integrationを区別。
src/ui/MenuPages.h,source,30,f23bd385a75ae7ab82af560ace0d34289366ca6c68db0acd08508af83a695ad8,全文追跡,全文再監査,第二巡全文再監査。menuの借用/model lifetimeとworld resetのmode書戻しをA73で検証中。render純粋logicとNative integrationを区別。
src/ui/MenuWidgets.cpp,source,216,3d6c01ac884ee2948f13ca5bcabe0b13b22a8d3642e39e821fc26796d5d8ff0e,全文追跡,全文再監査,第二巡全文再監査。menuの借用/model lifetimeとworld resetのmode書戻しをA73で検証中。render純粋logicとNative integrationを区別。
src/ui/MenuWidgets.h,source,108,311c30416d0f30c7437e0d8ddacfb12dbe385fdb3e7c440d5556f37aa4790717,全文追跡,全文再監査,第二巡全文再監査。menuの借用/model lifetimeとworld resetのmode書戻しをA73で検証中。render純粋logicとNative integrationを区別。
tests/bench/AuditBench.cpp,source,310,1433b09990e73019fdf3bd943d3536b0d440d5283defdb80e69e725d0bd56f45,全文追跡,全文再監査,第二巡全文追跡。fault allocator/純粋回帰/benchmark/実headless ImGuiとそのNative検証限界を再確認。A73配置201checksもactual stateで検証。
tests/bench_ui/UiAuditBench.cpp,source,125,ff1b8cd115b1c62d611b86edaa2809714037fc47bef85a85152aa8867b198110,全文追跡,全文再監査,第二巡全文追跡。fault allocator/純粋回帰/benchmark/実headless ImGuiとそのNative検証限界を再確認。A73配置201checksもactual stateで検証。
tests/i18n/LanguageStoreFailureTests.cpp,source,64,caed9172be62c69488e396a9142a8b536c69de22b714f6bd95a2037229136a44,全文追跡,全文再監査,第二巡全文追跡。fault allocator/純粋回帰/benchmark/実headless ImGuiとそのNative検証限界を再確認。A73配置201checksもactual stateで検証。
tests/logic/CompanionCallbackChecks.h,source,77,1b6d5c11722b73471e86dea60df207519ce8315841e60ebaee6417efb8791543,全文追跡,全文再監査,第二巡全文追跡。fault allocator/純粋回帰/benchmark/実headless ImGuiとそのNative検証限界を再確認。A73配置201checksもactual stateで検証。
tests/logic/LogicTests.cpp,source,2308,6f07ddc7c906b87eddffeeb6c1e33e5bb5c7d59d2615ac1872dc8fa15d72852c,全文追跡,全文再監査,第二巡全文追跡。Logic全2308行、generator/configと現在のversion/provenanceを照合。JDK/Chunker再生成とcurrent Native permutationは未検証。
tests/logic/ManualPlacementChecks.h,source,376,92da9756756576169766c31bc76e26a7cf619acaed2f9380b968a25610254e90,全文追跡,全文再監査,第二巡全文追跡。fault allocator/純粋回帰/benchmark/実headless ImGuiとそのNative検証限界を再確認。A73配置201checksもactual stateで検証。
tests/manual_placement/portable_main.cpp,source,12,64470aa5ffc6efa7fc1042caa02b8fe1553a6b716e69f9b41d5960a8361b876c,全文追跡,全文再監査,第二巡全文追跡。fault allocator/純粋回帰/benchmark/実headless ImGuiとそのNative検証限界を再確認。A73配置201checksもactual stateで検証。
tests/nbt/LiquidBoundaryCacheChecks.h,source,101,4555393ed0f7e6646c40680e835337f31e5acbc857142472b2a70da341126c31,全文追跡,全文再監査,第二巡全文追跡。fault allocator/純粋回帰/benchmark/実headless ImGuiとそのNative検証限界を再確認。A73配置201checksもactual stateで検証。
tests/nbt/NbtParserTests.cpp,source,761,6e68ee20a0606cb011bd0735abb63638e9338f37038a092d904bc2da5b93b15d,全文追跡,全文再監査,第二巡全文追跡。fault allocator/純粋回帰/benchmark/実headless ImGuiとそのNative検証限界を再確認。A73配置201checksもactual stateで検証。
tests/nbt/NbtTypeChecks.h,source,101,6eaffe4406223701f54cf433e12ff2c3b99df4c7e314ec2842d019630270d906,全文追跡,全文再監査,第二巡全文追跡。fault allocator/純粋回帰/benchmark/実headless ImGuiとそのNative検証限界を再確認。A73配置201checksもactual stateで検証。
tests/ui/UiRenderTests.cpp,source,155,74d77ca2c3fef25596dcc56d56623375611fe5873029e916ff443c4b9779cc61,全文追跡,全文再監査,第二巡全文追跡。fault allocator/純粋回帰/benchmark/実headless ImGuiとそのNative検証限界を再確認。A73配置201checksもactual stateで検証。
tools/audit/validate_mapping_data.py,source,78,16eb28682527a48d4628fabb77cb56d03fe615e0738c0777a04b40e597aa5442,全文追跡,全文再監査,第二巡全文追跡。Logic全2308行、generator/configと現在のversion/provenanceを照合。JDK/Chunker再生成とcurrent Native permutationは未検証。
tools/java_to_bedrock/GenerateMappings.java,source,326,11d25765af6de91da0fa3f1fad18ef784850183ecceff47a69cd592acd16f24b,全文追跡,全文再監査,第二巡全文追跡。Logic全2308行、generator/configと現在のversion/provenanceを照合。JDK/Chunker再生成とcurrent Native permutationは未検証。
tools/java_to_bedrock/README.md,documentation/config,37,c461c4e3fa03680a70f3987065cf6b60647998601d8b8f75835351da265c942f,全文追跡,全文再監査,第二巡全文追跡。Logic全2308行、generator/configと現在のversion/provenanceを照合。JDK/Chunker再生成とcurrent Native permutationは未検証。
tools/java_to_bedrock/generate.ps1,source,32,75d5a3563110ab4b704ad026f5ac54a1a541105c3f3396bc8034cd759ffd4c24,全文追跡,全文再監査,第二巡全文追跡。Logic全2308行、generator/configと現在のversion/provenanceを照合。JDK/Chunker再生成とcurrent Native permutationは未検証。
tooth.json,documentation/config,52,7f766e04bc6e70c3f1b38a0cb78d9b601d0987a8acd9640feb34023cdd4a2995,全文追跡,全文再監査,第二巡全文追跡。Logic全2308行、generator/configと現在のversion/provenanceを照合。JDK/Chunker再生成とcurrent Native permutationは未検証。
xmake.lua,source,258,b133bdd1014b0f4171e52d952b6407f0c3cf1077f52d2c4c5d5abfa66c289742,全文追跡,全文再監査,A67のRunning先行drain/packed admission/worker全taskとcapture解放を再読しRelease・Debug・実MinHook回帰・ASan/UBSanを検証。Native MC/pl_unhook契約は外部。
src/app/ListenerRetirement.h,source,14,4344ea9f31969394c4a3b3faf4b8ebe01bee27139bc35aaf302475882fc8d928,全文追跡,全文再監査,第二巡: 起動失敗/再試行/借用退役/例外/worker joinと所有者寿命を再追跡。A57/A58修正後Release・Debug・NBT sanitizer通過。Native chain/drainと故障注入は実機項目。
src/projection/correction/CorrectionUpdate.h,source,19,75f9c5cbbe7a5c97b7773d9a215eab6b8b2a8c3a258a952f5390f9e1ffb73e50,全文追跡,全文再監査,第二巡全文。A68 allocation後rollbackのsilent invalid returnを再throwへ修正・DLL Release/Debug、既存allocator/epochのNBT ASan/UBSan3091/0確認。Native append faultは外部。座標wide化/region scan/extra propagation/actor ownershipとrevisionを追跡。
src/projection/correction/ExtraCellRegistration.h,source,17,b1315b312ebd3cffee2e9bf55752e5e473d0d17e67feb4c7030335ceb622fd77,全文追跡,全文再監査,第二巡全文。A68 allocation後rollbackのsilent invalid returnを再throwへ修正・DLL Release/Debug、既存allocator/epochのNBT ASan/UBSan3091/0確認。Native append faultは外部。座標wide化/region scan/extra propagation/actor ownershipとrevisionを追跡。
src/app/InitializationRetention.h,source,26,e8d65c66738895937aa3a04c1c8638f662b211c6ed711d21bcc83f2b34248201,全文追跡,全文再監査,第二巡: 起動失敗/再試行/借用退役/例外/worker joinと所有者寿命を再追跡。A57/A58修正後Release・Debug・NBT sanitizer通過。Native chain/drainと故障注入は実機項目。
src/overlay/D3D12QueueBinding.h,source,79,d47231a8fec847750267d21bbe70968140cfe677dbabc46e1ab4287321042fa4,全文追跡,全文再監査,第二巡で全文を再読しA59/A60の実D3D12/On12回帰とRelease/Debug/ASan/UBSanを検証。WARP-only経路も通過。Minecraftのqueue選択とproviderのNative契約は別の実機項目。
tests/graphics/GraphicsInteropTests.cpp,source,258,a88deefce37acb03a47a8e1306ae4fece0d0a0e30b8c0a41d20d97a4b220c29b,全文追跡,全文再監査,A67のRunning先行drain/packed admission/worker全taskとcapture解放を再読しRelease・Debug・実MinHook回帰・ASan/UBSanを検証。Native MC/pl_unhook契約は外部。
src/overlay/OverlayResourceGate.h,source,27,835106cd6a18467169fb53ed94afffd32f5dfd2bdbf1ef7e1f7b382ec4ae3e56,全文追跡,全文再監査,第二巡の全文再読。A61実Win32 thread/counter/有界message timeout/retry回帰、A62 mutex admission/barrier concurrency回帰。Release/Debug/ASan+UBSan通過。Minecraft側の操作/Native callback鎖は別検証。
src/overlay/WindowCursorRestore.h,source,37,294ce142bf2067d71badaeb0c9895a57f0bfc9fdf2c9d4e62b1e86d19ed179bd,全文追跡,全文再監査,第二巡の全文再読。A61実Win32 thread/counter/有界message timeout/retry回帰、A62 mutex admission/barrier concurrency回帰。Release/Debug/ASan+UBSan通過。Minecraft側の操作/Native callback鎖は別検証。
tests/graphics/CursorThreadChecks.h,source,153,dc7ee7cd3e76f15805c8b103af5854f306f5266b67abe589d6cf4c5b62f7da9b,全文追跡,全文再監査,第二巡の全文再読。A61実Win32 thread/counter/有界message timeout/retry回帰、A62 mutex admission/barrier concurrency回帰。Release/Debug/ASan+UBSan通過。Minecraft側の操作/Native callback鎖は別検証。
src/overlay/NativeHookBinding.h,source,141,ded8f6709bf381828df2619bcb1cd6fe88c8e9773d8e9c63b487e00bd5a6230d,全文追跡,全文再監査,第二巡: 初回全installとoptional Execute単独retry/既存dormant recordのenable/rebase/曾live trampoline保持、actual MinHook page故障とtwo DLL pending-entry変更。Release/Debug/ASan+UBSan1539/0、WARP-only988/0。NativeMC fullfault injectionと他mod同時patch/entry drainは外部限定。
src/overlay/OverlayInstallRetry.h,source,20,7172131341cba250a085a6b60c182dfc7a4a3b49feb73fbf1a558232ac6fe5a6,全文追跡,全文再監査,第二巡: actual MinHook registryのincomplete retirement/retry、two independent DLL chainの両ロード順/実relay/patch-above、guardと明示的disable→drain→remove契約を再読。Release/Debug/ASan+UBSan Graphics1499/0。third-party concurrent patch/unsafe foreign retirementは外部契約。
tests/graphics/HookChainChecks.h,source,149,a5fd8913ed37c2035bc6c1c3aa6c15bf94addbd967e84efaa9d9328d99fca9ad,全文追跡,全文再監査,第二巡: 初回全installとoptional Execute単独retry/既存dormant recordのenable/rebase/曾live trampoline保持、actual MinHook page故障とtwo DLL pending-entry変更。Release/Debug/ASan+UBSan1539/0、WARP-only988/0。NativeMC fullfault injectionと他mod同時patch/entry drainは外部限定。
tests/graphics/HookChainPeer.cpp,source,26,9da6bac060bd76153c8de65119ddb2efefac6dc1274b6c319697a32998cdbb34,全文追跡,全文再監査,第二巡: actual MinHook registryのincomplete retirement/retry、two independent DLL chainの両ロード順/実relay/patch-above、guardと明示的disable→drain→remove契約を再読。Release/Debug/ASan+UBSan Graphics1499/0。third-party concurrent patch/unsafe foreign retirementは外部契約。
tests/graphics/HookRetryChecks.h,source,81,4b138d354ec7242f6f1f7c269d4c9c1c3550b551df616c3f44181827aca4a7bf,全文追跡,全文再監査,第二巡: actual MinHook registryのincomplete retirement/retry、two independent DLL chainの両ロード順/実relay/patch-above、guardと明示的disable→drain→remove契約を再読。Release/Debug/ASan+UBSan Graphics1499/0。third-party concurrent patch/unsafe foreign retirementは外部契約。
tests/graphics/DeferredHookChecks.h,source,76,ab2072a73b3d8789f7e05a64bed025ebb7eb6c034e40ae507ff62debca40a289,全文追跡,全文再監査,第二巡: 初回全installとoptional Execute単独retry/既存dormant recordのenable/rebase/曾live trampoline保持、actual MinHook page故障とtwo DLL pending-entry変更。Release/Debug/ASan+UBSan1539/0、WARP-only988/0。NativeMC fullfault injectionと他mod同時patch/entry drainは外部限定。
tests/graphics/HookRetirementChecks.h,source,196,8b6e09b4d0da990997238ef7d1480819c690a37d3b9741b4a4acd1d1a5bfe094,全文追跡,全文再監査,A67のRunning先行drain/packed admission/worker全taskとcapture解放を再読しRelease・Debug・実MinHook回帰・ASan/UBSanを検証。Native MC/pl_unhook契約は外部。
src/place/PlacementModes.h,source,15,981992e790ed269a1e1f9bb12cdd5ba05724a16b8bc6c0b9feb657f66d86f81b,全文追跡,全文再監査,第二巡全文再監査。menuの借用/model lifetimeとworld resetのmode書戻しをA73で検証中。render純粋logicとNative integrationを区別。
